artist,id
Atomship,4PbKVheWA7ToOxOrqqzjol
Smokey September,32PcXsAFr3ArYaHSYr8qGh
Neural Groove Machine,3ec16T2vMbjJi4luOqt6ps
Artimus Ion,4iimzs4RqqIpjoZJZzkAKa
DeuceAI,0XyjWS1YJkC8UhsQH8Peia
SHATTERGLASS SCALLYWAGS,3S5JxEhFCWzUV7tcZjdobq
Novi,7LfxHLrmQNqEggZvjaQL1A
dark_cloud,1J8PIKDtlSTIvOU4d11pt5
The Devil Inside,7p9c2UBqYagnd5aoNEeupC
AngelOfAnarchy,5dt8gRLDwIgSS0uwxvxqqJ
Juan1Love,5KEXmG6eYlD1swKpHxM3QK
Kiyo,3WPTsMdNZY3cEeWUcKrkpt
Souls Divided,1N6y7GzUt4woDtRRYhvkaF
Animator,4XscE4PACFqLUbvJz2c1Zg
Awake Past 3,6a9sa1cMkU55p7QGbjSzNu
BOI WHAT,3abEoUbTl6Mghy9aLG3uiC
CASPIAN,24Gk85sqJkK1LYdcmqTuCb
Cherry è‘µ Nightcore,4H502w3aY9YWNIPWTx8adz
Darth Marley,6VI82roojGceqRlKUdoGdw
ELBO,7g7RstiUlGnVrvZFTdyJmy
Eclipsion,5zukOLGMi343Pj6kGzAaYm
Elwood Cornell,1i5BeHGiQIPXp5lPRGjXLg
Fall To Pieces,2WRavyZrFClZuCdi5v5OSu
Football Poet,333TthZsHl90l3kyAOyUZr
Gutter Grinders,5OwtTivjNpwddFWRKjOoyz
Inhuman 666,0CUZIIXfh6lAXwBJTg4OUX
Jet Fuel & Ginger Ales,1dPgPwYz4zapkdMwTIxq7y
Lone Colt Union,42NHhDEVQ2jpoEJaottYCo
LoreBeats,2KotddUer8fdL7VYD0e5gh
Machine Six,7sEQ2pLJ4WsqfSEyJ3PKOP
Ministry of Dark,1rE5lFciclbNo2P4WGvKAp
Pastor Brad,4KcLdMaw3ai9gReju7aAaZ
Shining Light Music,0RDQPIztTEel1T0n8ksDxd
Sinamore,5uWev2ZYR7IPbfNNxViw4N
SoundVirtuoso,4HttIE8v2Y7BzgLcm8DomY
Ted Patton,78neaD0anI7EFsAeuh9A7J
The Sowers,0dYOdESA00EJVxrtE06vrG
Under The Flood,3EVBBkbegkGQuygq4zKexD
WizFlow Tunes,3k4z6ZMlCxVDMuRTyLdOQ4
Echo Harper,12jCGsTve2SG5DBcNKkGlQ
The Velvet Sundown,2GRtyAXWUiisGYub5SGMrb
Ayla - Chan,2QKHU2aU2m7dW6fBPuwZGa
The Obsoletes,6sF6xkrFyEuy3j0OgHa7JZ
KARAVIRS,7y25aQ8W1jYhdkTdDdiUjH
Full Metal Patriot,0Yv8vhih8fGBPB4XgARXo1
DavetheAngryTrucker,5v0U0OKoQDQ3FVyirKLKh7
Merciless Cult,0pyoFB4Ii4JUag5Gqt9ssJ
Yiikes,4hxEQaGymmj3a2kZm1ClMW
Mystic Riffs,6vESiai7KVad4r1YbNMVjR
Bleeding Verse,6CrsGj3Zj4gIM3rQSU7DeW
Deathly Hours,07XIuuPrpw0kcGrJApsbQp
Beyond Disdain,2MpVNPYFczBeNjPXePyVB4
Cyan The Hedgehog,3brergMilis6XAwpQ7kcrv
Ash to Eden,5KlBi01OWLrjDZJKBFtPkd
HC,56GBvodDNSoVotWW8yMxnd
Cimmeris,3lEGBkNp6scKHXFvTt9yWi
Eiden XII,7aN8OCNif0ahcKC8D4dJa7
MythicRealm,7hc7GsgfI7mQaj63Uj74v8
Mika Akakuma,7M3FZ9zfhnYIwg4MzDccSz
Underworld Vibes,7xDFi8dW3QLrTiuP1OyZrm
Hroth,6fAbPELNKoQiLUfynqiDfD